{"cameraMode":{"drawMode":0,"name":"Shaded","section":"Shading Mode"},"sceneLighting":false,"audioPlay":false,"sceneViewState":{"showFog":true,"showMaterialUpdate":false,"showSkybox":false,"showFlares":true,"showImageEffects":true,"showParticleSystems":true},"in2DMode":false,"pivot":{"x":13.753702163696289,"y":2.131429672241211,"z":1.109615445137024},"rotation":{"x":-0.00858732033520937,"y":0.9912320375442505,"z":-0.10236919671297074,"w":-0.08315900713205338},"size":15.073663711547852,"orthographic":false}